requirement	ShyftBench.automateWorkflow	{ id := { value := "bench.workflow.automate", property := ShyftBench.automateWorkflow._proof_1 }, shall := { value := "Automate the benchmarking workflow end to end: plan an experiment, stage forcing and observations in the DTSS, launch and monitor the runs on Sigma2, collect results, compute efficiency metrics, and publish them to the dashboard, each stage restartable and recorded in a run manifest.", property := ShyftBench.automateWorkflow._proof_2 }, strength := LeanSpec.Strength.must, scenarios := { items := #[{ name := { value := "one experiment from plan to dashboard", property := ShyftBench.automateWorkflow._proof_3 }, given? := some { value := "a planned experiment in the catalogue", property := ShyftBench.automateWorkflow._proof_4 }, whenText := { value := "the pipeline runs every stage", property := ShyftBench.automateWorkflow._proof_5 }, thenText := { value := "its metrics appear in the dashboard and every number traces to a run manifest", property := ShyftBench.automateWorkflow._proof_6 }, «check» := LeanSpec.CheckStatus.deferred { value := "pipeline stages are not implemented", property := ShyftBench.automateWorkflow._proof_7 } }], property := ShyftBench.automateWorkflow._proof_8 } }
requirement	ShyftBench.canonicalMetrics	{ id := { value := "bench.metrics.canonical", property := ShyftBench.canonicalMetrics._proof_1 }, shall := { value := "Compute efficiency metrics, including KGE, NSE and the Ruzzante et al. (2025) decomposition, from one implementation per metric, checked against fixed reference values.", property := ShyftBench.canonicalMetrics._proof_2 }, strength := LeanSpec.Strength.must, scenarios := { items := #[{ name := { value := "reference series", property := ShyftBench.canonicalMetrics._proof_3 }, given? := some { value := "a fixed observed and simulated series with known metric values", property := ShyftBench.canonicalMetrics._proof_4 }, whenText := { value := "the metrics are computed", property := ShyftBench.canonicalMetrics._proof_5 }, thenText := { value := "each value matches its reference within the stated tolerance", property := ShyftBench.canonicalMetrics._proof_6 }, «check» := LeanSpec.CheckStatus.deferred { value := "metrics are not ported yet", property := ShyftBench.canonicalMetrics._proof_7 } }], property := ShyftBench.canonicalMetrics._proof_8 } }
requirement	ShyftBench.collectReverseRun	{ id := { value := "bench.collect.reverse-run", property := ShyftBench.collectReverseRun._proof_1 }, shall := { value := "Collect the finished rpmstk reverse run from the Sigma2 DTSS as the union of the se-bench-rev1 container and the top level, keeping one series per run key, rejecting partial pre-crash series, and ignoring unrelated top-level results.", property := ShyftBench.collectReverseRun._proof_2 }, strength := LeanSpec.Strength.must, scenarios := { items := #[{ name := { value := "duplicate after restart", property := ShyftBench.collectReverseRun._proof_3 }, given? := some { value := "the same run key exists in se-bench-rev1 and at the top level", property := ShyftBench.collectReverseRun._proof_4 }, whenText := { value := "the reverse run is collected", property := ShyftBench.collectReverseRun._proof_5 }, thenText := { value := "exactly one complete series is kept and the choice is recorded", property := ShyftBench.collectReverseRun._proof_6 }, «check» := LeanSpec.CheckStatus.deferred { value := "collection follows SPEC-RRD and is not implemented", property := ShyftBench.collectReverseRun._proof_7 } }], property := ShyftBench.collectReverseRun._proof_8 } }
requirement	ShyftBench.dashboard	{ id := { value := "bench.dashboard", property := ShyftBench.dashboard._proof_1 }, shall := { value := "Present all catalogue results in a TypeScript dashboard with model comparison by regime, maps and time series, using the canonical stack order and colours and showing only matched comparisons.", property := ShyftBench.dashboard._proof_2 }, strength := LeanSpec.Strength.must, scenarios := { items := #[{ name := { value := "compare stacks for a regime", property := ShyftBench.dashboard._proof_3 }, given? := some { value := "results from comparable experiments", property := ShyftBench.dashboard._proof_4 }, whenText := { value := "the user selects a regime", property := ShyftBench.dashboard._proof_5 }, thenText := { value := "the dashboard shows each stack's metric distribution over the matched catchments", property := ShyftBench.dashboard._proof_6 }, «check» := LeanSpec.CheckStatus.deferred { value := "dashboard is not built", property := ShyftBench.dashboard._proof_7 } }], property := ShyftBench.dashboard._proof_8 } }
requirement	ShyftBench.independentAudit	{ id := { value := "bench.audit.independent", property := ShyftBench.independentAudit._proof_1 }, shall := { value := "Have an independent auditor, outside the architect's crew and reporting to the founder, check security and quality; audit thresholds may only become stricter.", property := ShyftBench.independentAudit._proof_2 }, strength := LeanSpec.Strength.must, scenarios := { items := #[{ name := { value := "audit blocks a weakened check", property := ShyftBench.independentAudit._proof_3 }, given? := some { value := "a change loosens a gate threshold or removes a check", property := ShyftBench.independentAudit._proof_4 }, whenText := { value := "the gate runs", property := ShyftBench.independentAudit._proof_5 }, thenText := { value := "the gate fails and the auditor reports the finding verbatim", property := ShyftBench.independentAudit._proof_6 }, «check» := LeanSpec.CheckStatus.deferred { value := "audit gate is not installed", property := ShyftBench.independentAudit._proof_7 } }], property := ShyftBench.independentAudit._proof_8 } }
requirement	ShyftBench.launchFallback	{ id := { value := "bench.launch.fallback", property := ShyftBench.launchFallback._proof_1 }, shall := { value := "When the pod cannot run the planned experiment, follow the founder's choice: run the fallback experiment if the pod provides its stacks, or request a new image built from the pinned commit; never relabel the fallback as the planned experiment.", property := ShyftBench.launchFallback._proof_2 }, strength := LeanSpec.Strength.must, scenarios := { items := #[{ name := { value := "image request starts nothing", property := ShyftBench.launchFallback._proof_3 }, given? := some { value := "the pod lacks a planned stack and the founder chose to request an image", property := ShyftBench.launchFallback._proof_4 }, whenText := { value := "the launch decision is taken", property := ShyftBench.launchPrecondition._proof_5 }, thenText := { value := "no experiment starts and the request names the pinned commit", property := ShyftBench.launchFallback._proof_5 }, «check» := LeanSpec.CheckStatus.executable }], property := ShyftBench.launchFallback._proof_6 } }
requirement	ShyftBench.launchPrecondition	{ id := { value := "bench.launch.precondition", property := ShyftBench.launchPrecondition._proof_1 }, shall := { value := "Before launching, read the Shyft build on the Sigma2 pod and start an experiment only if that build provides every stack the experiment names.", property := ShyftBench.launchPrecondition._proof_2 }, strength := LeanSpec.Strength.must, scenarios := { items := #[{ name := { value := "no run on a build without the stack", property := ShyftBench.launchPrecondition._proof_3 }, given? := some { value := "the pod's Shyft build lacks a stack the experiment names", property := ShyftBench.launchPrecondition._proof_4 }, whenText := { value := "the launch decision is taken", property := ShyftBench.launchPrecondition._proof_5 }, thenText := { value := "that experiment does not start", property := ShyftBench.launchPrecondition._proof_6 }, «check» := LeanSpec.CheckStatus.executable }], property := ShyftBench.launchPrecondition._proof_7 } }
requirement	ShyftBench.legacyReadOnly	{ id := { value := "bench.legacy.read-only", property := ShyftBench.legacyReadOnly._proof_1 }, shall := { value := "Import the published Zenodo results as read-only catalogue entries with a checksum per file, and never re-run or modify them.", property := ShyftBench.legacyReadOnly._proof_2 }, strength := LeanSpec.Strength.must, scenarios := { items := #[{ name := { value := "imported file changed", property := ShyftBench.legacyReadOnly._proof_3 }, given? := some { value := "a legacy result file differs from its recorded checksum", property := ShyftBench.legacyReadOnly._proof_4 }, whenText := { value := "the catalogue is loaded", property := ShyftBench.legacyReadOnly._proof_5 }, thenText := { value := "loading fails and names the file", property := ShyftBench.legacyReadOnly._proof_6 }, «check» := LeanSpec.CheckStatus.deferred { value := "legacy import is not implemented", property := ShyftBench.legacyReadOnly._proof_7 } }], property := ShyftBench.legacyReadOnly._proof_8 } }
requirement	ShyftBench.matchedComparison	{ id := { value := "bench.compare.matched", property := ShyftBench.matchedComparison._proof_1 }, shall := { value := "Compare experiments only when forcing, periods, optimiser, goal functions and pcorr variants match, and only over the catchments both experiments contain.", property := ShyftBench.matchedComparison._proof_2 }, strength := LeanSpec.Strength.must, scenarios := { items := #[{ name := { value := "comparison uses the common catchments", property := ShyftBench.matchedComparison._proof_3 }, whenText := { value := "two comparable experiments are compared", property := ShyftBench.matchedComparison._proof_4 }, thenText := { value := "every compared catchment belongs to both experiments", property := ShyftBench.matchedComparison._proof_5 }, «check» := LeanSpec.CheckStatus.executable }], property := ShyftBench.matchedComparison._proof_6 } }
requirement	ShyftBench.pinnedShyft	{ id := { value := "bench.shyft.pinned", property := ShyftBench.pinnedShyft._proof_1 }, shall := { value := "Run and answer Shyft questions from one pinned Shyft commit that provides every stack the catalogue plans, not from whatever branch a local clone has checked out.", property := ShyftBench.pinnedShyft._proof_2 }, strength := LeanSpec.Strength.must, scenarios := { items := #[{ name := { value := "planned stacks exist in the pinned build", property := ShyftBench.pinnedShyft._proof_3 }, given? := some { value := "the catalogue plans RPMFSM2K", property := ShyftBench.pinnedShyft._proof_4 }, whenText := { value := "the launch decision is taken on a pod built from the pinned commit", property := ShyftBench.pinnedShyft._proof_5 }, thenText := { value := "the planned experiment is launched", property := ShyftBench.pinnedShyft._proof_6 }, «check» := LeanSpec.CheckStatus.executable }], property := ShyftBench.pinnedShyft._proof_7 } }
requirement	ShyftBench.resultFiling	{ id := { value := "bench.results.filing", property := ShyftBench.resultFiling._proof_1 }, shall := { value := "File a collected result under an experiment only if that experiment planned its stack, goal function, catchment and pcorr variant, and record the Shyft commit that produced it.", property := ShyftBench.resultFiling._proof_2 }, strength := LeanSpec.Strength.must, scenarios := { items := #[{ name := { value := "fallback result is not filed as the planned stack", property := ShyftBench.resultFiling._proof_3 }, given? := some { value := "a PTFSM2K result carries the RPMFSM2K experiment id", property := ShyftBench.resultFiling._proof_4 }, whenText := { value := "it is filed", property := ShyftBench.resultFiling._proof_5 }, thenText := { value := "the RPMFSM2K experiment rejects it", property := ShyftBench.resultFiling._proof_6 }, «check» := LeanSpec.CheckStatus.executable }], property := ShyftBench.resultFiling._proof_7 } }
requirement	ShyftBench.sigma2Safety	{ id := { value := "bench.sigma2.safety", property := ShyftBench.sigma2Safety._proof_1 }, shall := { value := "Operate on Sigma2 only through the founder's existing kubectl session: never handle credentials, never delete remote data, and write a manifest for every staged file and launched batch.", property := ShyftBench.sigma2Safety._proof_2 }, strength := LeanSpec.Strength.must, scenarios := { items := #[{ name := { value := "launch leaves a manifest", property := ShyftBench.sigma2Safety._proof_3 }, whenText := { value := "a batch is launched on the pod", property := ShyftBench.sigma2Safety._proof_4 }, thenText := { value := "a manifest records the code version, experiment id, Shyft commit and output location", property := ShyftBench.sigma2Safety._proof_5 }, «check» := LeanSpec.CheckStatus.deferred { value := "launcher is not implemented", property := ShyftBench.sigma2Safety._proof_6 } }], property := ShyftBench.sigma2Safety._proof_7 } }
requirement	ShyftBench.smokeTier	{ id := { value := "bench.ci.smoke", property := ShyftBench.smokeTier._proof_1 }, shall := { value := "Run a containerised smoke tier in CI from the pinned Shyft commit: a small DTSS with a few catchments and a short forcing slice, one calibration per stack in the first planned experiment, and the metric and dashboard steps on its output.", property := ShyftBench.smokeTier._proof_2 }, strength := LeanSpec.Strength.must, scenarios := { items := #[{ name := { value := "smoke run in CI", property := ShyftBench.smokeTier._proof_3 }, whenText := { value := "a pull request is opened", property := ShyftBench.smokeTier._proof_4 }, thenText := { value := "the smoke tier completes and its metrics match the recorded reference", property := ShyftBench.smokeTier._proof_5 }, «check» := LeanSpec.CheckStatus.deferred { value := "container and fixture are not built", property := ShyftBench.smokeTier._proof_6 } }], property := ShyftBench.smokeTier._proof_7 } }
requirement	ShyftBench.snowCohort	{ id := { value := "bench.cohort.snow", property := ShyftBench.snowCohort._proof_1 }, shall := { value := "Select the FSM2 cohort as the mountain and inland stations of the frozen regime table produced by calc_hydrological_regime.r, pinned by SHA-256, without re-classifying other catchments.", property := ShyftBench.snowCohort._proof_2 }, strength := LeanSpec.Strength.must, scenarios := { items := #[{ name := { value := "cohort matches the frozen table", property := ShyftBench.snowCohort._proof_3 }, whenText := { value := "the package builds", property := ShyftBench.typedCatalogue._proof_4 }, thenText := { value := "the cohort has 70 distinct stations, 43 mountain and 27 inland, and the table and script hashes match the pinned values", property := ShyftBench.snowCohort._proof_4 }, «check» := LeanSpec.CheckStatus.executable }], property := ShyftBench.snowCohort._proof_5 } }
requirement	ShyftBench.typedCatalogue	{ id := { value := "bench.experiment.catalogue", property := ShyftBench.typedCatalogue._proof_1 }, shall := { value := "Define every experiment as a typed catalogue entry naming its stacks, forcing, goal functions, optimiser, catchments, calibration and simulation periods and pcorr variants; ids are unique, planned experiments are well formed, and the catalogue plans at least one run.", property := ShyftBench.typedCatalogue._proof_2 }, strength := LeanSpec.Strength.must, scenarios := { items := #[{ name := { value := "catalogue is consistent and live", property := ShyftBench.typedCatalogue._proof_3 }, whenText := { value := "the package builds", property := ShyftBench.typedCatalogue._proof_4 }, thenText := { value := "ids are unique, every planned experiment has work to do and its forcing covers both periods, and at least one run is planned", property := ShyftBench.typedCatalogue._proof_5 }, «check» := LeanSpec.CheckStatus.executable }], property := ShyftBench.typedCatalogue._proof_6 } }
theorem	ShyftBench.Date.mk.inj	∀ {year : Int} {month day : Nat} {year_1 : Int} {month_1 day_1 : Nat}, { year := year, month := month, day := day } = { year := year_1, month := month_1, day := day_1 } → year = year_1 ∧ month = month_1 ∧ day = day_1
theorem	ShyftBench.Date.mk.injEq	∀ (year : Int) (month day : Nat) (year_1 : Int) (month_1 day_1 : Nat), ({ year := year, month := month, day := day } = { year := year_1, month := month_1, day := day_1 }) = (year = year_1 ∧ month = month_1 ∧ day = day_1)
theorem	ShyftBench.Date.mk.sizeOf_spec	∀ (year : Int) (month day : Nat), sizeOf { year := year, month := month, day := day } = 1 + sizeOf year + sizeOf month + sizeOf day
theorem	ShyftBench.Decision.mk.inj	∀ {id date decided why : String} {refines : List String} {id_1 date_1 decided_1 why_1 : String} {refines_1 : List String}, { id := id, date := date, decided := decided, why := why, refines := refines } = { id := id_1, date := date_1, decided := decided_1, why := why_1, refines := refines_1 } → id = id_1 ∧ date = date_1 ∧ decided = decided_1 ∧ why = why_1 ∧ refines = refines_1
theorem	ShyftBench.Decision.mk.injEq	∀ (id date decided why : String) (refines : List String) (id_1 date_1 decided_1 why_1 : String) (refines_1 : List String), ({ id := id, date := date, decided := decided, why := why, refines := refines } = { id := id_1, date := date_1, decided := decided_1, why := why_1, refines := refines_1 }) = (id = id_1 ∧ date = date_1 ∧ decided = decided_1 ∧ why = why_1 ∧ refines = refines_1)
theorem	ShyftBench.Decision.mk.sizeOf_spec	∀ (id date decided why : String) (refines : List String), sizeOf { id := id, date := date, decided := decided, why := why, refines := refines } = 1 + sizeOf id + sizeOf date + sizeOf decided + sizeOf why + sizeOf refines
theorem	ShyftBench.Entry.mk.inj	∀ {experiment : ShyftBench.Experiment} {provenance : ShyftBench.Provenance} {experiment_1 : ShyftBench.Experiment} {provenance_1 : ShyftBench.Provenance}, { experiment := experiment, provenance := provenance } = { experiment := experiment_1, provenance := provenance_1 } → experiment = experiment_1 ∧ provenance = provenance_1
theorem	ShyftBench.Entry.mk.injEq	∀ (experiment : ShyftBench.Experiment) (provenance : ShyftBench.Provenance) (experiment_1 : ShyftBench.Experiment) (provenance_1 : ShyftBench.Provenance), ({ experiment := experiment, provenance := provenance } = { experiment := experiment_1, provenance := provenance_1 }) = (experiment = experiment_1 ∧ provenance = provenance_1)
theorem	ShyftBench.Entry.mk.sizeOf_spec	∀ (experiment : ShyftBench.Experiment) (provenance : ShyftBench.Provenance), sizeOf { experiment := experiment, provenance := provenance } = 1 + sizeOf experiment + sizeOf provenance
theorem	ShyftBench.Experiment.accepts_stack	∀ (e : ShyftBench.Experiment) (r : ShyftBench.ResultKey), ShyftBench.Experiment.accepts e r = true → ShyftBench.ResultKey.stack r ∈ ShyftBench.Experiment.stacks e
theorem	ShyftBench.Experiment.matchedCohort_mem	∀ (a b : ShyftBench.Experiment) (s : ShyftBench.StationId), s ∈ ShyftBench.Experiment.matchedCohort a b → s ∈ ShyftBench.Experiment.catchments a ∧ s ∈ ShyftBench.Experiment.catchments b
theorem	ShyftBench.Experiment.mk.inj	∀ {id : String} {stacks : List ShyftBench.Stack} {forcing : ShyftBench.Forcing} {goals : List ShyftBench.Goal} {optimizer : ShyftBench.Optimizer} {catchments : List ShyftBench.StationId} {calibration simulation : ShyftBench.Period} {pcorr : List Bool} {id_1 : String} {stacks_1 : List ShyftBench.Stack} {forcing_1 : ShyftBench.Forcing} {goals_1 : List ShyftBench.Goal} {optimizer_1 : ShyftBench.Optimizer} {catchments_1 : List ShyftBench.StationId} {calibration_1 simulation_1 : ShyftBench.Period} {pcorr_1 : List Bool}, { id := id, stacks := stacks, forcing := forcing, goals := goals, catchments := catchments, calibration := calibration, simulation := simulation, pcorr := pcorr } = { id := id_1, stacks := stacks_1, forcing := forcing_1, goals := goals_1, catchments := catchments_1, calibration := calibration_1, simulation := simulation_1, pcorr := pcorr_1 } → id = id_1 ∧ stacks = stacks_1 ∧ forcing = forcing_1 ∧ goals = goals_1 ∧ optimizer = optimizer_1 ∧ catchments = catchments_1 ∧ calibration = calibration_1 ∧ simulation = simulation_1 ∧ pcorr = pcorr_1
theorem	ShyftBench.Experiment.mk.injEq	∀ (id : String) (stacks : List ShyftBench.Stack) (forcing : ShyftBench.Forcing) (goals : List ShyftBench.Goal) (optimizer : ShyftBench.Optimizer) (catchments : List ShyftBench.StationId) (calibration simulation : ShyftBench.Period) (pcorr : List Bool) (id_1 : String) (stacks_1 : List ShyftBench.Stack) (forcing_1 : ShyftBench.Forcing) (goals_1 : List ShyftBench.Goal) (optimizer_1 : ShyftBench.Optimizer) (catchments_1 : List ShyftBench.StationId) (calibration_1 simulation_1 : ShyftBench.Period) (pcorr_1 : List Bool), ({ id := id, stacks := stacks, forcing := forcing, goals := goals, catchments := catchments, calibration := calibration, simulation := simulation, pcorr := pcorr } = { id := id_1, stacks := stacks_1, forcing := forcing_1, goals := goals_1, catchments := catchments_1, calibration := calibration_1, simulation := simulation_1, pcorr := pcorr_1 }) = (id = id_1 ∧ stacks = stacks_1 ∧ forcing = forcing_1 ∧ goals = goals_1 ∧ optimizer = optimizer_1 ∧ catchments = catchments_1 ∧ calibration = calibration_1 ∧ simulation = simulation_1 ∧ pcorr = pcorr_1)
theorem	ShyftBench.Experiment.mk.sizeOf_spec	∀ (id : String) (stacks : List ShyftBench.Stack) (forcing : ShyftBench.Forcing) (goals : List ShyftBench.Goal) (optimizer : ShyftBench.Optimizer) (catchments : List ShyftBench.StationId) (calibration simulation : ShyftBench.Period) (pcorr : List Bool), sizeOf { id := id, stacks := stacks, forcing := forcing, goals := goals, catchments := catchments, calibration := calibration, simulation := simulation, pcorr := pcorr } = 1 + sizeOf id + sizeOf stacks + sizeOf forcing + sizeOf goals + sizeOf optimizer + sizeOf catchments + sizeOf calibration + sizeOf simulation + sizeOf pcorr
theorem	ShyftBench.FallbackChoice.ofNat_ctorIdx	∀ (x : ShyftBench.FallbackChoice), ShyftBench.FallbackChoice.ofNat (ShyftBench.FallbackChoice.ctorIdx x) = x
theorem	ShyftBench.FallbackChoice.requestImage.sizeOf_spec	sizeOf ShyftBench.FallbackChoice.requestImage = 1
theorem	ShyftBench.FallbackChoice.runFallback.sizeOf_spec	sizeOf ShyftBench.FallbackChoice.runFallback = 1
theorem	ShyftBench.Forcing.aifs.sizeOf_spec	sizeOf ShyftBench.Forcing.aifs = 1
theorem	ShyftBench.Forcing.ofNat_ctorIdx	∀ (x : ShyftBench.Forcing), ShyftBench.Forcing.ofNat (ShyftBench.Forcing.ctorIdx x) = x
theorem	ShyftBench.Forcing.seNorge2018.sizeOf_spec	sizeOf ShyftBench.Forcing.seNorge2018 = 1
theorem	ShyftBench.Goal.bckge.sizeOf_spec	sizeOf ShyftBench.Goal.bckge = 1
theorem	ShyftBench.Goal.bcnse.sizeOf_spec	sizeOf ShyftBench.Goal.bcnse = 1
theorem	ShyftBench.Goal.kge.sizeOf_spec	sizeOf ShyftBench.Goal.kge = 1
theorem	ShyftBench.Goal.kgeBckge.sizeOf_spec	sizeOf ShyftBench.Goal.kgeBckge = 1
theorem	ShyftBench.Goal.kgeLkge.sizeOf_spec	sizeOf ShyftBench.Goal.kgeLkge = 1
theorem	ShyftBench.Goal.lkge.sizeOf_spec	sizeOf ShyftBench.Goal.lkge = 1
theorem	ShyftBench.Goal.lnse.sizeOf_spec	sizeOf ShyftBench.Goal.lnse = 1
theorem	ShyftBench.Goal.nse.sizeOf_spec	sizeOf ShyftBench.Goal.nse = 1
theorem	ShyftBench.Goal.nseBcnse.sizeOf_spec	sizeOf ShyftBench.Goal.nseBcnse = 1
theorem	ShyftBench.Goal.nseLnse.sizeOf_spec	sizeOf ShyftBench.Goal.nseLnse = 1
theorem	ShyftBench.Goal.ofNat_ctorIdx	∀ (x : ShyftBench.Goal), ShyftBench.Goal.ofNat (ShyftBench.Goal.ctorIdx x) = x
theorem	ShyftBench.LaunchDecision.launch.inj	∀ {e e_1 : ShyftBench.Experiment}, ShyftBench.LaunchDecision.launch e = ShyftBench.LaunchDecision.launch e_1 → e = e_1
theorem	ShyftBench.LaunchDecision.launch.injEq	∀ (e e_1 : ShyftBench.Experiment), (ShyftBench.LaunchDecision.launch e = ShyftBench.LaunchDecision.launch e_1) = (e = e_1)
theorem	ShyftBench.LaunchDecision.launch.sizeOf_spec	∀ (e : ShyftBench.Experiment), sizeOf (ShyftBench.LaunchDecision.launch e) = 1 + sizeOf e
theorem	ShyftBench.LaunchDecision.launchFallback.inj	∀ {planned fallback planned_1 fallback_1 : ShyftBench.Experiment}, ShyftBench.LaunchDecision.launchFallback planned fallback = ShyftBench.LaunchDecision.launchFallback planned_1 fallback_1 → planned = planned_1 ∧ fallback = fallback_1
theorem	ShyftBench.LaunchDecision.launchFallback.injEq	∀ (planned fallback planned_1 fallback_1 : ShyftBench.Experiment), (ShyftBench.LaunchDecision.launchFallback planned fallback = ShyftBench.LaunchDecision.launchFallback planned_1 fallback_1) = (planned = planned_1 ∧ fallback = fallback_1)
theorem	ShyftBench.LaunchDecision.launchFallback.sizeOf_spec	∀ (planned fallback : ShyftBench.Experiment), sizeOf (ShyftBench.LaunchDecision.launchFallback planned fallback) = 1 + sizeOf planned + sizeOf fallback
theorem	ShyftBench.LaunchDecision.requestImage.inj	∀ {planned : ShyftBench.Experiment} {minCommit : String} {planned_1 : ShyftBench.Experiment} {minCommit_1 : String}, ShyftBench.LaunchDecision.requestImage planned minCommit = ShyftBench.LaunchDecision.requestImage planned_1 minCommit_1 → planned = planned_1 ∧ minCommit = minCommit_1
theorem	ShyftBench.LaunchDecision.requestImage.injEq	∀ (planned : ShyftBench.Experiment) (minCommit : String) (planned_1 : ShyftBench.Experiment) (minCommit_1 : String), (ShyftBench.LaunchDecision.requestImage planned minCommit = ShyftBench.LaunchDecision.requestImage planned_1 minCommit_1) = (planned = planned_1 ∧ minCommit = minCommit_1)
theorem	ShyftBench.LaunchDecision.requestImage.sizeOf_spec	∀ (planned : ShyftBench.Experiment) (minCommit : String), sizeOf (ShyftBench.LaunchDecision.requestImage planned minCommit) = 1 + sizeOf planned + sizeOf minCommit
theorem	ShyftBench.Optimizer.bobyqa.sizeOf_spec	sizeOf ShyftBench.Optimizer.bobyqa = 1
theorem	ShyftBench.Optimizer.ofNat_ctorIdx	∀ (x : ShyftBench.Optimizer), ShyftBench.Optimizer.ofNat (ShyftBench.Optimizer.ctorIdx x) = x
theorem	ShyftBench.Period.mk.inj	∀ {start : ShyftBench.Date} {days : Nat} {start_1 : ShyftBench.Date} {days_1 : Nat}, { start := start, days := days } = { start := start_1, days := days_1 } → start = start_1 ∧ days = days_1
theorem	ShyftBench.Period.mk.injEq	∀ (start : ShyftBench.Date) (days : Nat) (start_1 : ShyftBench.Date) (days_1 : Nat), ({ start := start, days := days } = { start := start_1, days := days_1 }) = (start = start_1 ∧ days = days_1)
theorem	ShyftBench.Period.mk.sizeOf_spec	∀ (start : ShyftBench.Date) (days : Nat), sizeOf { start := start, days := days } = 1 + sizeOf start + sizeOf days
theorem	ShyftBench.Provenance.dtssCollect.inj	∀ {where_ where__1 : String}, ShyftBench.Provenance.dtssCollect where_ = ShyftBench.Provenance.dtssCollect where__1 → where_ = where__1
theorem	ShyftBench.Provenance.dtssCollect.injEq	∀ (where_ where__1 : String), (ShyftBench.Provenance.dtssCollect where_ = ShyftBench.Provenance.dtssCollect where__1) = (where_ = where__1)
theorem	ShyftBench.Provenance.dtssCollect.sizeOf_spec	∀ (where_ : String), sizeOf (ShyftBench.Provenance.dtssCollect where_) = 1 + sizeOf where_
theorem	ShyftBench.Provenance.planned.sizeOf_spec	sizeOf ShyftBench.Provenance.planned = 1
theorem	ShyftBench.Provenance.zenodoImport.inj	∀ {doi doi_1 : String}, ShyftBench.Provenance.zenodoImport doi = ShyftBench.Provenance.zenodoImport doi_1 → doi = doi_1
theorem	ShyftBench.Provenance.zenodoImport.injEq	∀ (doi doi_1 : String), (ShyftBench.Provenance.zenodoImport doi = ShyftBench.Provenance.zenodoImport doi_1) = (doi = doi_1)
theorem	ShyftBench.Provenance.zenodoImport.sizeOf_spec	∀ (doi : String), sizeOf (ShyftBench.Provenance.zenodoImport doi) = 1 + sizeOf doi
theorem	ShyftBench.Regime.atlantic.sizeOf_spec	sizeOf ShyftBench.Regime.atlantic = 1
theorem	ShyftBench.Regime.baltic.sizeOf_spec	sizeOf ShyftBench.Regime.baltic = 1
theorem	ShyftBench.Regime.inland.sizeOf_spec	sizeOf ShyftBench.Regime.inland = 1
theorem	ShyftBench.Regime.mountain.sizeOf_spec	sizeOf ShyftBench.Regime.mountain = 1
theorem	ShyftBench.Regime.ofCode_code	∀ (r : ShyftBench.Regime), ShyftBench.Regime.ofCode? (ShyftBench.Regime.code r) = some r
theorem	ShyftBench.Regime.ofNat_ctorIdx	∀ (x : ShyftBench.Regime), ShyftBench.Regime.ofNat (ShyftBench.Regime.ctorIdx x) = x
theorem	ShyftBench.Regime.transition.sizeOf_spec	sizeOf ShyftBench.Regime.transition = 1
theorem	ShyftBench.ResultKey.mk.inj	∀ {experimentId : String} {stack : ShyftBench.Stack} {goal : ShyftBench.Goal} {station : ShyftBench.StationId} {pcorr : Bool} {shyftCommit experimentId_1 : String} {stack_1 : ShyftBench.Stack} {goal_1 : ShyftBench.Goal} {station_1 : ShyftBench.StationId} {pcorr_1 : Bool} {shyftCommit_1 : String}, { experimentId := experimentId, stack := stack, goal := goal, station := station, pcorr := pcorr, shyftCommit := shyftCommit } = { experimentId := experimentId_1, stack := stack_1, goal := goal_1, station := station_1, pcorr := pcorr_1, shyftCommit := shyftCommit_1 } → experimentId = experimentId_1 ∧ stack = stack_1 ∧ goal = goal_1 ∧ station = station_1 ∧ pcorr = pcorr_1 ∧ shyftCommit = shyftCommit_1
theorem	ShyftBench.ResultKey.mk.injEq	∀ (experimentId : String) (stack : ShyftBench.Stack) (goal : ShyftBench.Goal) (station : ShyftBench.StationId) (pcorr : Bool) (shyftCommit experimentId_1 : String) (stack_1 : ShyftBench.Stack) (goal_1 : ShyftBench.Goal) (station_1 : ShyftBench.StationId) (pcorr_1 : Bool) (shyftCommit_1 : String), ({ experimentId := experimentId, stack := stack, goal := goal, station := station, pcorr := pcorr, shyftCommit := shyftCommit } = { experimentId := experimentId_1, stack := stack_1, goal := goal_1, station := station_1, pcorr := pcorr_1, shyftCommit := shyftCommit_1 }) = (experimentId = experimentId_1 ∧ stack = stack_1 ∧ goal = goal_1 ∧ station = station_1 ∧ pcorr = pcorr_1 ∧ shyftCommit = shyftCommit_1)
theorem	ShyftBench.ResultKey.mk.sizeOf_spec	∀ (experimentId : String) (stack : ShyftBench.Stack) (goal : ShyftBench.Goal) (station : ShyftBench.StationId) (pcorr : Bool) (shyftCommit : String), sizeOf { experimentId := experimentId, stack := stack, goal := goal, station := station, pcorr := pcorr, shyftCommit := shyftCommit } = 1 + sizeOf experimentId + sizeOf stack + sizeOf goal + sizeOf station + sizeOf pcorr + sizeOf shyftCommit
theorem	ShyftBench.ShyftBuild.mk.inj	∀ {commit : String} {stacks : List ShyftBench.Stack} {commit_1 : String} {stacks_1 : List ShyftBench.Stack}, { commit := commit, stacks := stacks } = { commit := commit_1, stacks := stacks_1 } → commit = commit_1 ∧ stacks = stacks_1
theorem	ShyftBench.ShyftBuild.mk.injEq	∀ (commit : String) (stacks : List ShyftBench.Stack) (commit_1 : String) (stacks_1 : List ShyftBench.Stack), ({ commit := commit, stacks := stacks } = { commit := commit_1, stacks := stacks_1 }) = (commit = commit_1 ∧ stacks = stacks_1)
theorem	ShyftBench.ShyftBuild.mk.sizeOf_spec	∀ (commit : String) (stacks : List ShyftBench.Stack), sizeOf { commit := commit, stacks := stacks } = 1 + sizeOf commit + sizeOf stacks
theorem	ShyftBench.Stack.ofNat_ctorIdx	∀ (x : ShyftBench.Stack), ShyftBench.Stack.ofNat (ShyftBench.Stack.ctorIdx x) = x
theorem	ShyftBench.Stack.ptfsm2k.sizeOf_spec	sizeOf ShyftBench.Stack.ptfsm2k = 1
theorem	ShyftBench.Stack.ptgsk.sizeOf_spec	sizeOf ShyftBench.Stack.ptgsk = 1
theorem	ShyftBench.Stack.ptsthbv.sizeOf_spec	sizeOf ShyftBench.Stack.ptsthbv = 1
theorem	ShyftBench.Stack.ptstk.sizeOf_spec	sizeOf ShyftBench.Stack.ptstk = 1
theorem	ShyftBench.Stack.rpmfsm2k.sizeOf_spec	sizeOf ShyftBench.Stack.rpmfsm2k = 1
theorem	ShyftBench.Stack.rpmgsk.sizeOf_spec	sizeOf ShyftBench.Stack.rpmgsk = 1
theorem	ShyftBench.Stack.rpmstk.sizeOf_spec	sizeOf ShyftBench.Stack.rpmstk = 1
theorem	ShyftBench.catalog_ok_live	ShyftBench.Catalog.ok ShyftBench.catalog = true ∧ ShyftBench.Catalog.live ShyftBench.catalog = true
theorem	ShyftBench.decideLaunch_planned	∀ (pod : ShyftBench.ShyftBuild) (planned fallback : ShyftBench.Experiment) (choice : ShyftBench.FallbackChoice), ShyftBench.Experiment.runsOn planned pod = true → ShyftBench.decideLaunch pod planned fallback choice = ShyftBench.LaunchDecision.launch planned
theorem	ShyftBench.decideLaunch_requestImage	∀ (pod : ShyftBench.ShyftBuild) (planned fallback : ShyftBench.Experiment), ShyftBench.Experiment.runsOn planned pod = false → ShyftBench.decideLaunch pod planned fallback ShyftBench.FallbackChoice.requestImage = ShyftBench.LaunchDecision.requestImage planned (ShyftBench.ShyftBuild.commit ShyftBench.shyftPin)
theorem	ShyftBench.decideLaunch_runsOn	∀ (pod : ShyftBench.ShyftBuild) (planned fallback : ShyftBench.Experiment) (choice : ShyftBench.FallbackChoice) (e : ShyftBench.Experiment), ShyftBench.LaunchDecision.started (ShyftBench.decideLaunch pod planned fallback choice) = some e → ShyftBench.Experiment.runsOn e pod = true
theorem	ShyftBench.rpmfsm2kSnow_launches_on_pin	∀ (fallback : ShyftBench.Experiment) (choice : ShyftBench.FallbackChoice), ShyftBench.decideLaunch ShyftBench.shyftPin ShyftBench.rpmfsm2kSnow fallback choice = ShyftBench.LaunchDecision.launch ShyftBench.rpmfsm2kSnow
theorem	ShyftBench.rpmfsm2kSnow_rejects_other_stacks	∀ (r : ShyftBench.ResultKey), ShyftBench.ResultKey.stack r ≠ ShyftBench.Stack.rpmfsm2k → ShyftBench.Experiment.accepts ShyftBench.rpmfsm2kSnow r = false
theorem	ShyftBench.snowCohort_counts	List.length ShyftBench.snowDominatedStations = 70 ∧ List.length (ShyftBench.stationsIn ShyftBench.Regime.mountain) = 43 ∧ List.length (ShyftBench.stationsIn ShyftBench.Regime.inland) = 27 ∧ List.length (List.eraseDups ShyftBench.snowDominatedStations) = 70
guard	0d2397cc9362	#guard Catalog.ok catalog
guard	19e428fe6002	#guard !rpmfsm2kSnow.accepts
guard	254fc395ab69	#guard rpmfsm2kSnow.runsOn shyftPin
guard	27dd1a51ac12	#guard decideLaunch shyftLocalMaster rpmfsm2kSnow ptfsm2kSnow .runFallback
guard	2fc638d8cae1	#guard rpmfsm2kSnow.wellFormed
guard	3252997c64b8	#guard snowDominatedStations.length == 70
guard	333984f47612	#guard Goal.all.length == 10
guard	37cd56a541af	#guard specSnapshot.wellFormed
guard	4133c1618ce0	#guard (⟨2000, 3, 1⟩ : Date).toDays == 11017
guard	429efae5e699	#guard Regime.all.map (·.code) == [1, 2, 3, 4, 0]
guard	46a3faf3d6aa	#guard !rpmfsm2kSnow.runsOn shyftLocalMaster
guard	47c814cb11c0	#guard shyftBenchVerified.extraAxioms.isEmpty
guard	50dec974cc1f	#guard rpmfsm2kSnow.comparableWith (legacyBench .rpmstk)
guard	5260ec0ef4d2	#guard Catalog.live catalog
guard	54b4c42436fa	#guard rpmfsm2kSnow.accepts
guard	574739cf9653	#guard (stationsIn .mountain).length == 43
guard	5ae1c7cca456	#guard (stationsIn .atlantic).length == 16
guard	5e57a792f756	#guard regimeTable.length == 109
guard	5ef08de9a4c0	#guard regimeTable.length == Generated.regimeRows.length
guard	62520c508122	#guard decideLaunch shyftLocalMaster rpmfsm2kSnow ptfsm2kSnow .requestImage
guard	675b31ba4755	#guard (stationsIn .inland).length == 27
guard	67764d26a249	#guard ptfsm2kSnow.runsOn shyftLocalMaster
guard	68305b9801c5	#guard allRequirements.all fun r =>
guard	7bd1a497532f	#guard shyftBenchVerified.citationsOk
guard	7cea7cce3947	#guard Generated.regimeCsvSha256 == "5a418b8b7185adc5c066484c36a9b951a8bd9d55fb4c90ba92862a9ca1975a24"
guard	7d149982a525	#guard Regime.ofCode? 1 == some .mountain && Regime.ofCode? 0 == some .transition
guard	814a6b438b77	#guard shyftBenchVerified.checkable
guard	932fef5fd398	#guard (⟨1970, 1, 1⟩ : Date).toDays == 0
guard	9531d492f12a	#guard snowDominatedStations.all fun s => (stationsIn .mountain).contains s || (stationsIn .inland).contains s
guard	98b5b8646a47	#guard decisions.all fun d => !d.refines.isEmpty && d.refines.all requirementIds.contains
guard	a5eb4a3c7e22	#guard (decisions.map (·.id)).eraseDups.length == decisions.length
guard	a730787386e9	#guard Stack.all.eraseDups.length == 7
guard	a93b2bab6eb0	#guard !(shyftBenchVerified.axioms.any (· == "sorryAx"))
guard	a9afccd63312	#guard decideLaunch shyftPin rpmfsm2kSnow ptfsm2kSnow .runFallback == .launch rpmfsm2kSnow
guard	b50ae6775ec0	#guard Generated.regimeScriptSha256 == "33f0ddc0a9e38d1663bec5c84a724cb9cd60ff571e43d3b00d27bb0f0eb2799b"
guard	b5d08deca4fb	#guard shyftBenchVerified.disjoint
guard	bc98637675da	#guard benchCalibration.endDay == (⟨2001, 1, 1⟩ : Date).toDays
guard	ca11e09f5088	#guard Goal.all.eraseDups.length == 10
guard	d6584090adec	#guard requirementIds.eraseDups.length == requirementIds.length
guard	d7c02d223429	#guard (stationsIn .baltic).length == 11
guard	e57a985bc5f5	#guard shyftBenchVerified.openObligations.all (·.kind == .deferred)
guard	e897933945ea	#guard rpmfsm2kSnow.comparableWith ptfsm2kSnow
guard	e98b02248b40	#guard (registeredSpecs%.map (·.2.id.value)).toList.all requirementIds.contains
guard	ea765f18084c	#guard rpmfsm2kSnow.runCount == 1 * 10 * 70 * 2
guard	ee957834a973	#guard benchSimulation.endDay == (⟨2021, 1, 1⟩ : Date).toDays
guard	f4d3d787fb93	#guard (stationsIn .transition).length == 12
guard	f72b0c0e2e5b	#guard shyftBenchVerified.proved.size == allDesigns.size
guard	fbf2632d3992	#guard (regimeTable.map (·.1)).eraseDups.length == 109
guard	fe1a9e3ec6d2	#guard Stack.all.length == 7
